{
  "Kyle Hundman": 1.0,
  "Chris Mattmann": 0.49999999999999967,
  "Thamme Gowda": 0.2499999999999999,
  "Valentino Constantinou": 0.2499999999999999,
  "Benedikt Boecking": 0.0,
  "Christopher Laporte": 0.0,
  "Ian Colwell": 0.0,
  "Jason Hyon": 0.0,
  "Mayank Kejriwal": 0.0,
  "Paul Ramirez": 0.0,
  "Tom Soderstrom": 0.0
}

