{"Piedra, Pedro A": 1.0, "Calvo, Cristina": 0.5565933980766243, "Garc\u00eda-Garc\u00eda, Mar\u00eda Luz": 0.5565933980766243, "Camargo, Carlos A": 0.4212053568885412, "Mansbach, Jonathan M": 0.4212053568885412, "Alverson, Brian K": 0.0, "Baley, Jill E": 0.0, "Brown, Mark A": 0.0, "Gadomski, Anne M": 0.0, "Hernandez-Cancio, Sinsi": 0.0}