{"M. L. Santee": 1.0, "G. L. Manney": 0.7272727272727315, "J. W. Waters": 0.6363636363636479, "L. Froidevaux": 0.6363636363636479, "N. J. Livesey": 0.363636363636367, "R. A. Stachnik": 0.18181818181818427, "W. G. Read": 0.09090909090909166, "C. D. Boone": 0.0, "Joe W. Waters": 0.0, "K. A. Walker": 0.0}